Date,Time,Type,No.,1:F,1:Fm',1:PAR,1:Y (II),1:ETR
,,D,,"Device Nr: #1, DIVING-PAM-II (UWFC0119A)",,,,
24-07-22,10:05:45.167,SLCS,,Light Curve start,,,,
24-07-22,10:05:46.752,FO,1,338,715,0,0.527,0.0
24-07-22,10:05:50.886,SLCE,,Light Curve end,,,,
24-07-22,10:06:18.166,SLCS,,Light Curve start,,,,
24-07-22,10:06:18.166,REG1,,"#1: alpha: - , ETRm: - , Ik: -   ( beta: - 0.007, ETRmPot: 28.172 )   (Platt et al. 1980)",,,,
24-07-22,10:06:18.166,REG2,,"#1: alpha: 0.116, ETRm: 42.665, Ik: 369.000   (Jassby and Platt 1976)",,,,
24-07-22,10:06:19.568,FO,2,517,1082,0,0.522,0.0
24-07-22,10:06:29.687,F,3,650,1057,44,0.385,7.1
24-07-22,10:06:39.803,F,4,691,1076,80,0.358,12.0
24-07-22,10:06:49.929,F,5,677,992,116,0.318,15.5
24-07-22,10:07:00.034,F,6,658,928,161,0.291,19.7
24-07-22,10:07:10.162,F,7,665,900,222,0.261,24.3
24-07-22,10:07:20.286,F,8,731,919,337,0.205,29.0
24-07-22,10:07:30.402,F,9,793,945,505,0.161,34.1
24-07-22,10:07:40.518,F,10,846,954,743,0.113,35.3
24-07-22,10:07:50.644,F,11,876,947,1113,0.075,35.1
24-07-22,10:08:00.698,F,12,799,851,1454,0.061,37.3
24-07-22,10:08:10.878,F,13,809,857,2035,0.056,47.9
24-07-22,10:08:21.002,F,14,851,897,2653,0.051,56.8
24-07-22,10:08:29.132,SLCE,,Light Curve end,,,,
24-07-22,10:10:54.942,SLCS,,Light Curve start,,,,
24-07-22,10:10:54.942,REG1,,"#1: alpha: 0.182, ETRm: 44.907, Ik: 247.028   ( beta: 0.003, ETRmPot: 48.327 )   (Platt et al. 1980)",,,,
24-07-22,10:10:54.942,REG2,,"#1: alpha: 0.147, ETRm: 43.515, Ik: 295.416   (Jassby and Platt 1976)",,,,
24-07-22,10:10:56.347,FO,15,285,571,0,0.501,0.0
24-07-22,10:11:06.466,F,16,349,610,44,0.428,7.9
24-07-22,10:11:16.707,F,17,363,625,80,0.419,14.1
24-07-22,10:11:26.701,F,18,409,669,116,0.389,19.0
24-07-22,10:11:36.821,F,19,473,712,161,0.336,22.7
24-07-22,10:11:46.936,F,20,513,711,222,0.278,25.9
24-07-22,10:11:57.059,F,21,533,693,337,0.231,32.7
24-07-22,10:12:07.174,F,22,552,676,505,0.183,38.8
24-07-22,10:12:17.302,F,23,580,673,743,0.138,43.1
24-07-22,10:12:27.417,F,24,618,684,1112,0.096,44.8
24-07-22,10:12:37.534,F,25,645,698,1454,0.076,46.4
24-07-22,10:12:47.657,F,26,639,675,2034,0.053,45.3
24-07-22,10:12:57.773,F,27,639,663,2653,0.036,40.1
24-07-22,10:13:06.283,SLCE,,Light Curve end,,,,
24-07-22,10:14:41.553,SLCS,,Light Curve start,,,,
24-07-22,10:14:41.553,REG1,,"#1: alpha: - , ETRm: - , Ik: -   ( beta: - 0.019, ETRmPot: 14.916 )   (Platt et al. 1980)",,,,
24-07-22,10:14:41.553,REG2,,"#1: alpha: 0.066, ETRm: 90.659, Ik: 1383.222   (Jassby and Platt 1976)",,,,
24-07-22,10:14:42.939,FO,28,247,459,0,0.462,0.0
24-07-22,10:14:53.061,F,29,326,536,44,0.392,7.2
24-07-22,10:15:03.182,F,30,364,592,80,0.385,12.9
24-07-22,10:15:13.299,F,31,414,639,116,0.352,17.1
24-07-22,10:15:23.421,F,32,508,735,161,0.309,20.9
24-07-22,10:15:33.559,F,33,596,807,222,0.261,24.3
24-07-22,10:15:43.677,F,34,656,831,337,0.211,29.9
24-07-22,10:15:53.793,F,35,725,763,505,0.050,10.6
24-07-22,10:16:03.918,F,36,662,769,743,0.139,43.4
24-07-22,10:16:14.039,F,37,746,862,1112,0.135,63.1
24-07-22,10:16:24.156,F,38,813,879,1454,0.075,45.8
24-07-22,10:16:27.577,SLCE,,Light Curve end,,,,
24-07-22,10:18:06.391,SLCS,,Light Curve start,,,,
24-07-22,10:18:06.391,REG1,,"#1: alpha: - , ETRm: - , Ik: -   ( beta: - 0.003, ETRmPot: 64.820 )   (Platt et al. 1980)",,,,
24-07-22,10:18:06.391,REG2,,"#1: alpha: 0.129, ETRm: 69.684, Ik: 539.207   (Jassby and Platt 1976)",,,,
24-07-22,10:18:07.734,FO,39,338,496,0,0.319,0.0
24-07-22,10:18:17.899,F,40,309,491,44,0.371,6.9
24-07-22,10:18:27.949,F,41,299,477,80,0.373,12.5
24-07-22,10:18:38.140,F,42,307,480,116,0.360,17.5
24-07-22,10:18:48.195,F,43,323,490,161,0.341,23.1
24-07-22,10:18:58.382,F,44,340,499,222,0.319,29.7
24-07-22,10:19:08.440,F,45,356,493,337,0.278,39.3
24-07-22,10:19:18.615,F,46,383,495,505,0.226,47.9
24-07-22,10:19:28.670,F,47,403,495,743,0.186,58.0
24-07-22,10:19:38.854,F,48,421,487,1112,0.136,63.5
24-07-22,10:19:48.977,F,49,421,474,1454,0.112,68.4
24-07-22,10:19:59.098,F,50,424,464,2035,0.086,73.5
24-07-22,10:20:09.218,F,51,430,460,2652,0.065,72.4
24-07-22,10:20:17.008,SLCE,,Light Curve end,,,,
24-07-22,10:22:04.477,SLCS,,Light Curve start,,,,
24-07-22,10:22:04.477,REG1,,"#1: alpha: - , ETRm: - , Ik: -   ( beta: - 0.002, ETRmPot: 47.368 )   (Platt et al. 1980)",,,,
24-07-22,10:22:04.477,REG2,,"#1: alpha: 0.126, ETRm: 50.650, Ik: 402.965   (Jassby and Platt 1976)",,,,
24-07-22,10:22:05.873,FO,52,374,669,0,0.441,0.0
24-07-22,10:22:15.998,F,53,452,718,44,0.370,6.8
24-07-22,10:22:26.114,F,54,477,756,80,0.369,12.4
24-07-22,10:22:36.232,F,55,509,779,116,0.347,16.9
24-07-22,10:22:46.296,F,56,536,788,161,0.320,21.6
24-07-22,10:22:56.467,F,57,567,783,222,0.276,25.7
24-07-22,10:23:06.594,F,58,600,781,337,0.232,32.8
24-07-22,10:23:16.714,F,59,633,784,505,0.193,40.9
24-07-22,10:23:26.829,F,60,682,795,743,0.142,44.3
24-07-22,10:23:36.954,F,61,719,804,1112,0.106,49.5
24-07-22,10:23:47.070,F,62,740,806,1452,0.082,50.0
24-07-22,10:23:57.192,F,63,759,811,2033,0.064,54.6
24-07-22,10:24:07.315,F,64,763,801,2651,0.047,52.3
24-07-22,10:24:15.605,SLCE,,Light Curve end,,,,
24-07-22,10:26:30.111,SLCS,,Light Curve start,,,,
24-07-22,10:26:30.111,REG1,,"#1: alpha: 0.165, ETRm: 65.983, Ik: 398.999   ( beta: 0.002, ETRmPot: 70.144 )   (Platt et al. 1980)",,,,
24-07-22,10:26:30.111,REG2,,"#1: alpha: 0.131, ETRm: 64.952, Ik: 495.109   (Jassby and Platt 1976)",,,,
24-07-22,10:26:31.566,FO,65,176,305,0,0.423,0.0
24-07-22,10:26:41.683,F,66,187,301,44,0.379,7.0
24-07-22,10:26:51.798,F,67,181,293,80,0.382,12.8
24-07-22,10:27:01.920,F,68,180,283,116,0.364,17.7
24-07-22,10:27:12.046,F,69,181,276,161,0.344,23.3
24-07-22,10:27:22.162,F,70,193,283,222,0.318,29.7
24-07-22,10:27:32.279,F,71,210,285,337,0.263,37.2
24-07-22,10:27:42.405,F,72,220,283,505,0.223,47.3
24-07-22,10:27:52.520,F,73,228,275,743,0.171,53.4
24-07-22,10:28:02.638,F,74,231,269,1112,0.141,65.9
24-07-22,10:28:12.764,F,75,243,273,1453,0.110,67.1
24-07-22,10:28:22.878,F,76,246,266,2033,0.075,64.0
24-07-22,10:28:32.995,F,77,238,253,2652,0.059,65.7
24-07-22,10:28:41.305,SLCE,,Light Curve end,,,,
24-07-22,10:30:12.559,SLCS,,Light Curve start,,,,
24-07-22,10:30:12.559,REG1,,"#1: alpha: - , ETRm: - , Ik: -   ( beta: - 0.003, ETRmPot: 27.320 )   (Platt et al. 1980)",,,,
24-07-22,10:30:12.559,REG2,,"#1: alpha: 0.107, ETRm: 32.659, Ik: 304.028   (Jassby and Platt 1976)",,,,
24-07-22,10:30:13.954,FO,78,528,1187,0,0.555,0.0
24-07-22,10:30:24.069,F,79,757,1226,44,0.383,7.1
24-07-22,10:30:34.188,F,80,806,1236,80,0.348,11.7
24-07-22,10:30:44.312,F,81,849,1210,116,0.298,14.5
24-07-22,10:30:54.427,F,82,893,1198,161,0.255,17.2
24-07-22,10:31:04.547,F,83,937,1189,222,0.212,19.8
24-07-22,10:31:14.674,F,84,992,1186,337,0.164,23.2
24-07-22,10:31:24.792,F,85,1034,1181,505,0.124,26.3
24-07-22,10:31:34.906,F,86,1051,1160,743,0.094,29.3
24-07-22,10:31:45.031,F,87,1060,1140,1112,0.070,32.7
24-07-22,10:31:55.150,F,88,1074,1137,1453,0.055,33.6
24-07-22,10:32:05.265,F,89,1074,1119,2034,0.040,34.2
24-07-22,10:32:15.390,F,90,1075,1112,2651,0.033,36.7
24-07-22,10:32:23.061,SLCE,,Light Curve end,,,,
24-07-22,10:34:44.534,SLCS,,Light Curve start,,,,
24-07-22,10:34:44.534,REG1,,"#1: alpha: - , ETRm: - , Ik: -   ( beta: - 0.007, ETRmPot: 74.659 )   (Platt et al. 1980)",,,,
24-07-22,10:34:44.534,REG2,,"#1: alpha: 0.157, ETRm: 87.223, Ik: 554.655   (Jassby and Platt 1976)",,,,
24-07-22,10:34:46.092,FO,91,493,1089,0,0.547,0.0
24-07-22,10:34:56.205,F,92,557,1082,44,0.485,9.0
24-07-22,10:35:06.327,F,93,550,1055,80,0.479,16.1
24-07-22,10:35:16.446,F,94,570,1056,116,0.460,22.4
24-07-22,10:35:26.569,F,95,579,1016,161,0.430,29.1
24-07-22,10:35:36.687,F,96,614,1016,222,0.396,36.9
24-07-22,10:35:46.823,F,97,666,999,337,0.333,47.1
24-07-22,10:35:56.949,F,98,711,989,505,0.281,59.6
24-07-22,10:36:07.015,F,99,764,987,743,0.226,70.5
24-07-22,10:36:17.189,F,100,815,982,1112,0.170,79.4
24-07-22,10:36:27.307,F,101,825,958,1453,0.139,84.8
24-07-22,10:36:37.364,F,102,854,953,2033,0.104,88.8
24-07-22,10:36:47.542,F,103,860,940,2651,0.085,94.6
24-07-22,10:36:54.922,SLCE,,Light Curve end,,,,
24-07-22,10:39:20.592,SLCS,,Light Curve start,,,,
24-07-22,10:39:20.592,REG1,,"#1: alpha: - , ETRm: - , Ik: -   ( beta: - 0.007, ETRmPot: 104.215 )   (Platt et al. 1980)",,,,
24-07-22,10:39:20.592,REG2,,"#1: alpha: 0.171, ETRm: 117.751, Ik: 688.190   (Jassby and Platt 1976)",,,,
24-07-22,10:39:22.000,FO,104,225,494,0,0.545,0.0
24-07-22,10:39:32.114,F,105,244,509,44,0.521,9.6
24-07-22,10:39:42.230,F,106,252,521,80,0.516,17.3
24-07-22,10:39:52.356,F,107,258,519,116,0.503,24.5
24-07-22,10:40:02.470,F,108,284,556,161,0.489,33.1
24-07-22,10:40:12.595,F,109,317,577,222,0.451,42.1
24-07-22,10:40:22.712,F,110,349,580,337,0.398,56.3
24-07-22,10:40:32.830,F,111,374,564,505,0.337,71.5
24-07-22,10:40:42.955,F,112,386,535,743,0.279,87.1
24-07-22,10:40:53.071,F,113,402,513,1112,0.216,100.9
24-07-22,10:41:03.194,F,114,388,476,1454,0.185,113.0
24-07-22,10:41:13.309,F,115,395,460,2033,0.141,120.4
24-07-22,10:41:23.427,F,116,400,450,2652,0.111,123.6
24-07-22,10:41:32.041,SLCE,,Light Curve end,,,,
24-07-22,10:43:30.851,SLCS,,Light Curve start,,,,
24-07-22,10:43:30.851,REG1,,"#1: alpha: - , ETRm: - , Ik: -   ( beta: - 0.002, ETRmPot: 73.066 )   (Platt et al. 1980)",,,,
24-07-22,10:43:30.851,REG2,,"#1: alpha: 0.138, ETRm: 75.794, Ik: 550.446   (Jassby and Platt 1976)",,,,
24-07-22,10:43:32.289,FO,117,692,1443,0,0.520,0.0
24-07-22,10:43:42.414,F,118,751,1300,44,0.422,7.8
24-07-22,10:43:52.528,F,119,739,1280,80,0.423,14.2
24-07-22,10:44:02.655,F,120,741,1252,116,0.408,19.9
24-07-22,10:44:12.769,F,121,762,1239,161,0.385,26.0
24-07-22,10:44:22.894,F,122,802,1235,222,0.351,32.7
24-07-22,10:44:33.005,F,123,882,1248,337,0.293,41.5
24-07-22,10:44:43.133,F,124,932,1227,504,0.240,50.8
24-07-22,10:44:53.245,F,125,951,1180,743,0.194,60.5
24-07-22,10:45:03.363,F,126,970,1140,1111,0.149,69.5
24-07-22,10:45:13.487,F,127,998,1142,1452,0.126,76.8
24-07-22,10:45:23.610,F,128,1019,1125,2032,0.094,80.2
24-07-22,10:45:33.727,F,129,1012,1087,2651,0.069,76.8
24-07-22,10:45:41.537,SLCE,,Light Curve end,,,,
24-07-22,10:47:26.347,SLCS,,Light Curve start,,,,
24-07-22,10:47:26.347,REG1,,"#1: alpha: - , ETRm: - , Ik: -   ( beta: - 0.004, ETRmPot: 66.091 )   (Platt et al. 1980)",,,,
24-07-22,10:47:26.347,REG2,,"#1: alpha: 0.154, ETRm: 73.649, Ik: 478.457   (Jassby and Platt 1976)",,,,
24-07-22,10:47:27.735,FO,130,353,753,0,0.531,0.0
24-07-22,10:47:37.864,F,131,431,792,44,0.456,8.4
24-07-22,10:47:47.982,F,132,443,815,80,0.456,15.3
24-07-22,10:47:58.094,F,133,477,852,116,0.440,21.4
24-07-22,10:48:08.214,F,134,514,875,161,0.413,27.9
24-07-22,10:48:18.334,F,135,555,888,222,0.375,35.0
24-07-22,10:48:28.453,F,136,614,890,337,0.310,43.9
24-07-22,10:48:38.574,F,137,667,893,504,0.253,53.6
24-07-22,10:48:48.691,F,138,713,885,743,0.194,60.5
24-07-22,10:48:58.818,F,139,745,878,1111,0.151,70.5
24-07-22,10:49:08.935,F,140,745,847,1453,0.120,73.2
24-07-22,10:49:19.051,F,141,746,820,2033,0.090,76.8
24-07-22,10:49:29.173,F,142,746,802,2653,0.070,78.0
24-07-22,10:49:37.234,SLCE,,Light Curve end,,,,
24-07-22,10:52:48.532,SLCS,,Light Curve start,,,,
24-07-22,10:52:48.532,REG1,,"#1: alpha: - , ETRm: - , Ik: -   ( beta: - 0.009, ETRmPot: 81.104 )   (Platt et al. 1980)",,,,
24-07-22,10:52:48.532,REG2,,"#1: alpha: 0.136, ETRm: 102.165, Ik: 752.974   (Jassby and Platt 1976)",,,,
24-07-22,10:52:49.928,FO,143,413,824,0,0.499,0.0
24-07-22,10:53:00.045,F,144,453,825,44,0.451,8.3
24-07-22,10:53:10.160,F,145,447,806,80,0.445,15.0
24-07-22,10:53:20.279,F,146,461,801,116,0.424,20.7
24-07-22,10:53:30.404,F,147,479,812,161,0.410,27.7
24-07-22,10:53:40.517,F,148,505,810,222,0.377,35.2
24-07-22,10:53:50.641,F,149,534,799,337,0.332,47.0
24-07-22,10:54:00.759,F,150,563,780,505,0.278,59.0
24-07-22,10:54:10.883,F,151,586,757,743,0.226,70.5
24-07-22,10:54:20.998,F,152,607,739,1112,0.179,83.6
24-07-22,10:54:31.122,F,153,607,719,1453,0.156,95.2
24-07-22,10:54:41.235,F,154,623,710,2033,0.123,105.0
24-07-22,10:54:51.354,F,155,614,680,2652,0.097,108.0
24-07-22,10:54:59.924,SLCE,,Light Curve end,,,,
24-07-22,10:57:30.301,SLCS,,Light Curve start,,,,
24-07-22,10:57:30.301,REG1,,"#1: alpha: - , ETRm: - , Ik: -   ( beta: - 0.007, ETRmPot: 66.238 )   (Platt et al. 1980)",,,,
24-07-22,10:57:30.301,REG2,,"#1: alpha: 0.160, ETRm: 78.499, Ik: 490.787   (Jassby and Platt 1976)",,,,
24-07-22,10:57:31.698,FO,156,362,834,0,0.566,0.0
24-07-22,10:57:41.816,F,157,457,924,44,0.505,9.3
24-07-22,10:57:51.939,F,158,466,925,80,0.496,16.7
24-07-22,10:58:02.056,F,159,494,943,116,0.476,23.2
24-07-22,10:58:12.181,F,160,532,944,161,0.436,29.5
24-07-22,10:58:22.296,F,161,578,955,222,0.395,36.8
24-07-22,10:58:32.421,F,162,647,966,337,0.330,46.7
24-07-22,10:58:42.535,F,163,708,962,504,0.264,55.9
24-07-22,10:58:52.654,F,164,740,929,743,0.203,63.3
24-07-22,10:59:02.776,F,165,747,881,1112,0.152,71.0
24-07-22,10:59:12.892,F,166,761,874,1453,0.129,78.7
24-07-22,10:59:23.009,F,167,795,882,2033,0.099,84.5
24-07-22,10:59:33.133,F,168,824,891,2650,0.075,83.5
24-07-22,10:59:41.113,SLCE,,Light Curve end,,,,
24-07-22,11:01:32.651,SLCS,,Light Curve start,,,,
24-07-22,11:01:32.651,REG1,,"#1: alpha: - , ETRm: - , Ik: -   ( beta: 0.000, ETRmPot: 77.697 )   (Platt et al. 1980)",,,,
24-07-22,11:01:32.651,REG2,,"#1: alpha: 0.154, ETRm: 76.549, Ik: 496.089   (Jassby and Platt 1976)",,,,
24-07-22,11:01:34.036,FO,169,153,304,0,0.497,0.0
24-07-22,11:01:44.161,F,170,178,326,44,0.454,8.4
24-07-22,11:01:54.278,F,171,182,332,80,0.452,15.2
24-07-22,11:02:04.396,F,172,175,303,116,0.422,20.6
24-07-22,11:02:14.515,F,173,168,278,161,0.396,26.8
24-07-22,11:02:24.630,F,174,176,277,222,0.365,34.0
24-07-22,11:02:34.754,F,175,195,283,337,0.311,44.0
24-07-22,11:02:44.872,F,176,216,293,504,0.263,55.7
24-07-22,11:02:54.996,F,177,238,302,743,0.212,66.2
24-07-22,11:03:05.114,F,178,259,308,1112,0.159,74.3
24-07-22,11:03:15.228,F,179,276,314,1453,0.121,73.8
24-07-22,11:03:25.353,F,180,283,313,2033,0.096,82.0
24-07-22,11:03:35.472,F,181,284,305,2650,0.069,76.8
24-07-22,11:03:43.782,SLCE,,Light Curve end,,,,
24-07-22,11:05:55.352,SLCS,,Light Curve start,,,,
24-07-22,11:05:55.352,REG1,,"#1: alpha: - , ETRm: - , Ik: -   ( beta: - 0.004, ETRmPot: 28.418 )   (Platt et al. 1980)",,,,
24-07-22,11:05:55.352,REG2,,"#1: alpha: 0.110, ETRm: 36.100, Ik: 326.906   (Jassby and Platt 1976)",,,,
24-07-22,11:05:56.913,FO,182,177,324,0,0.454,0.0
24-07-22,11:06:07.036,F,183,277,433,44,0.360,6.7
24-07-22,11:06:17.158,F,184,332,500,80,0.336,11.3
24-07-22,11:06:27.271,F,185,405,575,116,0.296,14.4
24-07-22,11:06:37.396,F,186,479,658,161,0.272,18.4
24-07-22,11:06:47.507,F,187,521,671,222,0.224,20.9
24-07-22,11:06:57.627,F,188,566,693,337,0.183,25.9
24-07-22,11:07:07.751,F,189,613,712,505,0.139,29.5
24-07-22,11:07:17.874,F,190,645,719,743,0.103,32.1
24-07-22,11:07:27.937,F,191,685,739,1112,0.073,34.1
24-07-22,11:07:38.054,F,192,707,750,1453,0.057,34.8
24-07-22,11:07:48.224,F,193,716,749,2033,0.044,37.6
24-07-22,11:07:58.349,F,194,713,742,2653,0.039,43.5
24-07-22,11:08:06.160,SLCE,,Light Curve end,,,,
24-07-22,11:11:01.897,SLCS,,Light Curve start,,,,
24-07-22,11:11:01.897,REG1,,"#1: alpha: - , ETRm: - , Ik: -   ( beta: - 0.004, ETRmPot: 44.832 )   (Platt et al. 1980)",,,,
24-07-22,11:11:01.897,REG2,,"#1: alpha: 0.113, ETRm: 51.951, Ik: 461.421   (Jassby and Platt 1976)",,,,
24-07-22,11:11:03.285,FO,195,258,462,0,0.442,0.0
24-07-22,11:11:13.405,F,196,306,470,44,0.349,6.4
24-07-22,11:11:23.524,F,197,312,477,80,0.346,11.6
24-07-22,11:11:33.601,F,198,333,487,116,0.316,15.4
24-07-22,11:11:43.695,F,199,366,517,161,0.292,19.7
24-07-22,11:11:53.886,F,200,390,530,222,0.264,24.6
24-07-22,11:12:04.006,F,201,431,554,337,0.222,31.4
24-07-22,11:12:14.122,F,202,440,539,505,0.184,39.0
24-07-22,11:12:24.243,F,203,469,547,743,0.143,44.6
24-07-22,11:12:34.359,F,204,493,550,1112,0.104,48.6
24-07-22,11:12:44.483,F,205,499,544,1452,0.083,50.6
24-07-22,11:12:54.600,F,206,510,544,2033,0.063,53.8
24-07-22,11:13:04.723,F,207,524,552,2652,0.051,56.8
24-07-22,11:13:13.294,SLCE,,Light Curve end,,,,
24-07-22,11:15:33.017,SLCS,,Light Curve start,,,,
24-07-22,11:15:33.017,REG1,,"#1: alpha: - , ETRm: - , Ik: -   ( beta: 0.000, ETRmPot: 42.118 )   (Platt et al. 1980)",,,,
24-07-22,11:15:33.017,REG2,,"#1: alpha: 0.089, ETRm: 41.587, Ik: 465.827   (Jassby and Platt 1976)",,,,
24-07-22,11:15:34.404,FO,208,292,514,0,0.432,0.0
24-07-22,11:15:44.520,F,209,377,565,44,0.333,6.2
24-07-22,11:15:54.642,F,210,409,594,80,0.311,10.4
24-07-22,11:16:04.782,F,211,441,612,116,0.279,13.6
24-07-22,11:16:14.900,F,212,468,620,161,0.245,16.6
24-07-22,11:16:25.024,F,213,492,626,222,0.214,20.0
24-07-22,11:16:35.143,F,214,524,635,337,0.175,24.8
24-07-22,11:16:45.258,F,215,548,636,504,0.138,29.2
24-07-22,11:16:55.382,F,216,562,631,743,0.109,34.0
24-07-22,11:17:05.500,F,217,572,625,1111,0.085,39.7
24-07-22,11:17:15.616,F,218,574,618,1453,0.071,43.3
24-07-22,11:17:25.739,F,219,578,612,2032,0.056,47.8
24-07-22,11:17:35.858,F,220,577,598,2651,0.035,39.0
24-07-22,11:17:44.528,SLCE,,Light Curve end,,,,
24-07-22,11:19:42.413,SLCS,,Light Curve start,,,,
24-07-22,11:19:42.413,REG1,,"#1: alpha: - , ETRm: - , Ik: -   ( beta: - 0.002, ETRmPot: 37.638 )   (Platt et al. 1980)",,,,
24-07-22,11:19:42.413,REG2,,"#1: alpha: 0.104, ETRm: 40.614, Ik: 389.421   (Jassby and Platt 1976)",,,,
24-07-22,11:19:43.810,FO,221,292,478,0,0.389,0.0
24-07-22,11:19:53.928,F,222,346,490,44,0.294,5.4
24-07-22,11:20:03.996,F,223,347,496,80,0.300,10.1
24-07-22,11:20:14.171,F,224,361,504,116,0.284,13.8
24-07-22,11:20:24.285,F,225,381,515,161,0.260,17.6
24-07-22,11:20:34.405,F,226,398,516,222,0.229,21.4
24-07-22,11:20:44.532,F,227,428,529,337,0.191,27.0
24-07-22,11:20:54.647,F,228,490,585,504,0.162,34.3
24-07-22,11:21:04.764,F,229,566,634,743,0.107,33.4
24-07-22,11:21:14.889,F,230,647,704,1112,0.081,37.8
24-07-22,11:21:25.007,F,231,686,733,1453,0.064,39.1
24-07-22,11:21:35.123,F,232,805,857,2033,0.061,52.1
24-07-22,11:21:45.248,F,233,899,931,2651,0.034,37.9
24-07-22,11:21:53.078,SLCE,,Light Curve end,,,,
24-07-22,11:23:37.171,SLCS,,Light Curve start,,,,
24-07-22,11:23:37.171,REG1,,"#1: alpha: - , ETRm: - , Ik: -   ( beta: - 0.006, ETRmPot: 45.231 )   (Platt et al. 1980)",,,,
24-07-22,11:23:37.171,REG2,,"#1: alpha: 0.113, ETRm: 56.766, Ik: 500.837   (Jassby and Platt 1976)",,,,
24-07-22,11:23:38.744,FO,234,327,619,0,0.472,0.0
24-07-22,11:23:48.861,F,235,388,611,44,0.365,6.7
24-07-22,11:23:58.974,F,236,383,595,80,0.356,12.0
24-07-22,11:24:09.098,F,237,369,564,116,0.346,16.9
24-07-22,11:24:19.222,F,238,398,579,161,0.313,21.2
24-07-22,11:24:29.339,F,239,422,589,222,0.284,26.5
24-07-22,11:24:39.454,F,240,480,625,337,0.232,32.8
24-07-22,11:24:49.577,F,241,523,643,505,0.187,39.7
24-07-22,11:24:59.688,F,242,552,647,743,0.147,45.9
24-07-22,11:25:09.815,F,243,575,648,1112,0.113,52.8
24-07-22,11:25:19.936,F,244,584,641,1453,0.089,54.3
24-07-22,11:25:30.053,F,245,597,641,2033,0.069,58.9
24-07-22,11:25:40.178,F,246,615,652,2650,0.057,63.4
24-07-22,11:25:48.238,SLCE,,Light Curve end,,,,
24-07-22,11:27:53.125,SLCS,,Light Curve start,,,,
24-07-22,11:27:53.125,REG1,,"#1: alpha: 0.160, ETRm: 69.055, Ik: 432.584   ( beta: 0.003, ETRmPot: 75.878 )   (Platt et al. 1980)",,,,
24-07-22,11:27:53.125,REG2,,"#1: alpha: 0.129, ETRm: 67.831, Ik: 525.976   (Jassby and Platt 1976)",,,,
24-07-22,11:27:54.520,FO,247,564,1111,0,0.492,0.0
24-07-22,11:28:04.633,F,248,656,1122,44,0.415,7.7
24-07-22,11:28:14.748,F,249,688,1137,80,0.395,13.3
24-07-22,11:28:24.873,F,250,714,1121,116,0.363,17.7
24-07-22,11:28:34.998,F,251,739,1117,161,0.338,22.9
24-07-22,11:28:45.110,F,252,754,1087,222,0.306,28.5
24-07-22,11:28:55.233,F,253,778,1060,337,0.266,37.6
24-07-22,11:29:05.349,F,254,806,1043,505,0.227,48.1
24-07-22,11:29:15.471,F,255,847,1037,743,0.183,57.1
24-07-22,11:29:25.594,F,256,840,971,1111,0.135,63.0
24-07-22,11:29:35.708,F,257,804,905,1452,0.112,68.3
24-07-22,11:29:45.830,F,258,809,887,2032,0.088,75.1
24-07-22,11:29:55.953,F,259,789,838,2650,0.058,64.6
24-07-22,11:30:04.584,SLCE,,Light Curve end,,,,
24-07-22,11:31:59.982,SLCS,,Light Curve start,,,,
24-07-22,11:31:59.982,REG1,,"#1: alpha: 0.160, ETRm: 85.937, Ik: 538.698   ( beta: 0.008, ETRmPot: 104.572 )   (Platt et al. 1980)",,,,
24-07-22,11:31:59.982,REG2,,"#1: alpha: 0.131, ETRm: 84.746, Ik: 644.565   (Jassby and Platt 1976)",,,,
24-07-22,11:32:01.378,FO,260,424,754,0,0.438,0.0
24-07-22,11:32:11.494,F,261,471,729,44,0.354,6.5
24-07-22,11:32:21.614,F,262,456,714,80,0.361,12.1
24-07-22,11:32:31.731,F,263,458,701,116,0.347,16.9
24-07-22,11:32:41.856,F,264,445,675,161,0.341,23.1
24-07-22,11:32:51.972,F,265,443,657,222,0.326,30.4
24-07-22,11:33:02.090,F,266,456,643,337,0.291,41.2
24-07-22,11:33:12.212,F,267,470,631,504,0.255,54.0
24-07-22,11:33:22.277,F,268,489,620,743,0.211,65.8
24-07-22,11:33:32.454,F,269,506,609,1111,0.169,78.9
24-07-22,11:33:42.567,F,270,489,566,1452,0.136,82.9
24-07-22,11:33:52.690,F,271,512,571,2033,0.103,87.9
24-07-22,11:34:02.805,F,272,539,583,2651,0.075,83.5
24-07-22,11:34:11.245,SLCE,,Light Curve end,,,,
24-07-22,11:35:43.883,SLCS,,Light Curve start,,,,
24-07-22,11:35:43.883,REG1,,"#1: alpha: - , ETRm: - , Ik: -   ( beta: - 0.005, ETRmPot: 82.542 )   (Platt et al. 1980)",,,,
24-07-22,11:35:43.883,REG2,,"#1: alpha: 0.142, ETRm: 91.490, Ik: 644.055   (Jassby and Platt 1976)",,,,
24-07-22,11:35:45.287,FO,273,500,994,0,0.497,0.0
24-07-22,11:35:55.403,F,274,547,993,44,0.449,8.3
24-07-22,11:36:05.540,F,275,540,962,80,0.439,14.8
24-07-22,11:36:15.587,F,276,569,985,116,0.422,20.6
24-07-22,11:36:25.776,F,277,585,971,161,0.398,26.9
24-07-22,11:36:35.899,F,278,611,968,222,0.369,34.4
24-07-22,11:36:46.018,F,279,655,966,337,0.322,45.6
24-07-22,11:36:56.134,F,280,681,936,504,0.272,57.6
24-07-22,11:37:06.258,F,281,725,932,743,0.222,69.3
24-07-22,11:37:16.373,F,282,758,914,1111,0.171,79.8
24-07-22,11:37:26.498,F,283,762,893,1453,0.147,89.7
24-07-22,11:37:36.612,F,284,775,871,2033,0.110,93.9
24-07-22,11:37:46.736,F,285,779,852,2650,0.086,95.7
24-07-22,11:37:55.266,SLCE,,Light Curve end,,,,
24-07-22,11:39:32.697,SLCS,,Light Curve start,,,,
24-07-22,11:39:32.697,REG1,,"#1: alpha: - , ETRm: - , Ik: -   ( beta: - 0.003, ETRmPot: 69.141 )   (Platt et al. 1980)",,,,
24-07-22,11:39:32.697,REG2,,"#1: alpha: 0.129, ETRm: 74.278, Ik: 574.706   (Jassby and Platt 1976)",,,,
24-07-22,11:39:34.092,FO,286,463,929,0,0.502,0.0
24-07-22,11:39:44.205,F,287,545,946,44,0.424,7.8
24-07-22,11:39:54.324,F,288,550,932,80,0.410,13.8
24-07-22,11:40:04.449,F,289,577,929,116,0.379,18.5
24-07-22,11:40:14.566,F,290,603,929,161,0.351,23.7
24-07-22,11:40:24.690,F,291,631,931,222,0.322,30.0
24-07-22,11:40:34.804,F,292,665,920,337,0.277,39.2
24-07-22,11:40:44.928,F,293,709,926,504,0.234,49.5
24-07-22,11:40:55.043,F,294,757,933,743,0.189,59.0
24-07-22,11:41:05.170,F,295,802,943,1111,0.150,70.0
24-07-22,11:41:15.287,F,296,838,950,1452,0.118,72.0
24-07-22,11:41:25.407,F,297,833,914,2031,0.089,75.9
24-07-22,11:41:35.522,F,298,816,877,2650,0.070,77.9
24-07-22,11:41:44.132,SLCE,,Light Curve end,,,,
24-07-22,11:43:35.497,SLCS,,Light Curve start,,,,
24-07-22,11:43:35.497,REG1,,"#1: alpha: 0.187, ETRm: 73.061, Ik: 390.551   ( beta: 0.006, ETRmPot: 83.643 )   (Platt et al. 1980)",,,,
24-07-22,11:43:35.497,REG2,,"#1: alpha: 0.155, ETRm: 71.206, Ik: 460.753   (Jassby and Platt 1976)",,,,
24-07-22,11:43:37.032,FO,299,448,936,0,0.521,0.0
24-07-22,11:43:47.145,F,300,581,1051,44,0.447,8.3
24-07-22,11:43:57.270,F,301,604,1076,80,0.439,14.8
24-07-22,11:44:07.384,F,302,656,1150,116,0.430,20.9
24-07-22,11:44:17.510,F,303,718,1198,161,0.401,27.1
24-07-22,11:44:27.593,F,304,768,1210,222,0.365,34.0
24-07-22,11:44:37.744,F,305,840,1219,337,0.311,44.0
24-07-22,11:44:47.865,F,306,905,1197,504,0.244,51.6
24-07-22,11:44:57.988,F,307,946,1181,743,0.199,62.1
24-07-22,11:45:08.106,F,308,979,1147,1111,0.146,68.1
24-07-22,11:45:18.220,F,309,984,1123,1452,0.124,75.6
24-07-22,11:45:28.339,F,310,998,1099,2031,0.092,78.5
24-07-22,11:45:38.464,F,311,1004,1067,2649,0.059,65.6
24-07-22,11:45:46.414,SLCE,,Light Curve end,,,,
24-07-22,11:48:24.708,SLCS,,Light Curve start,,,,
24-07-22,11:48:24.708,REG1,,"#1: alpha: - , ETRm: - , Ik: -   ( beta: - 0.004, ETRmPot: 43.000 )   (Platt et al. 1980)",,,,
24-07-22,11:48:24.708,REG2,,"#1: alpha: 0.125, ETRm: 50.661, Ik: 405.782   (Jassby and Platt 1976)",,,,
24-07-22,11:48:26.101,FO,312,816,1622,0,0.497,0.0
24-07-22,11:48:36.227,F,313,1023,1690,44,0.395,7.3
24-07-22,11:48:46.341,F,314,1078,1744,80,0.382,12.8
24-07-22,11:48:56.460,F,315,1144,1764,116,0.351,17.1
24-07-22,11:49:06.584,F,316,1193,1756,161,0.321,21.7
24-07-22,11:49:16.701,F,317,1233,1732,222,0.288,26.9
24-07-22,11:49:26.816,F,318,1318,1711,337,0.230,32.6
24-07-22,11:49:36.940,F,319,1361,1674,504,0.187,39.6
24-07-22,11:49:47.062,F,320,1431,1659,743,0.137,42.8
24-07-22,11:49:57.174,F,321,1380,1531,1111,0.099,46.2
24-07-22,11:50:07.297,F,322,1353,1481,1452,0.086,52.4
24-07-22,11:50:17.420,F,323,1364,1458,2033,0.064,54.6
24-07-22,11:50:27.537,F,324,1391,1462,2651,0.049,54.6
24-07-22,11:50:36.008,SLCE,,Light Curve end,,,,
24-07-22,11:59:29.109,SLCS,,Light Curve start,,,,
24-07-22,11:59:29.109,REG1,,"#1: alpha: - , ETRm: - , Ik: -   ( beta: - 0.003, ETRmPot: 63.250 )   (Platt et al. 1980)",,,,
24-07-22,11:59:29.109,REG2,,"#1: alpha: 0.091, ETRm: 67.657, Ik: 740.728   (Jassby and Platt 1976)",,,,
24-07-22,11:59:30.512,FO,325,142,207,0,0.314,0.0
24-07-22,11:59:40.627,F,326,153,206,44,0.257,4.7
24-07-22,11:59:50.748,F,327,144,193,80,0.254,8.5
24-07-22,12:00:00.870,F,328,142,188,116,0.245,11.9
24-07-22,12:00:10.988,F,329,143,187,161,0.235,15.9
24-07-22,12:00:21.104,F,330,149,194,222,0.232,21.6
24-07-22,12:00:31.226,F,331,157,199,337,0.211,29.9
24-07-22,12:00:41.350,F,332,171,215,505,0.205,43.5
24-07-22,12:00:51.469,F,333,187,221,743,0.154,48.1
24-07-22,12:01:01.578,F,334,196,222,1112,0.117,54.6
24-07-22,12:01:11.702,F,335,201,225,1453,0.107,65.3
24-07-22,12:01:21.828,F,336,204,222,2033,0.081,69.2
24-07-22,12:01:31.943,F,337,207,221,2652,0.063,70.2
24-07-22,12:01:40.494,SLCE,,Light Curve end,,,,
24-07-22,12:03:23.586,SLCS,,Light Curve start,,,,
24-07-22,12:03:23.586,REG1,,"#1: alpha: 0.073, ETRm: 33.874, Ik: 464.752   ( beta: 0.007, ETRmPot: 46.726 )   (Platt et al. 1980)",,,,
24-07-22,12:03:23.586,REG2,,"#1: alpha: 0.063, ETRm: 32.630, Ik: 519.481   (Jassby and Platt 1976)",,,,
24-07-22,12:03:24.981,FO,338,415,795,0,0.478,0.0
24-07-22,12:03:35.097,F,339,640,899,44,0.288,5.3
24-07-22,12:03:45.211,F,340,707,946,80,0.253,8.5
24-07-22,12:03:55.334,F,341,756,966,116,0.217,10.6
24-07-22,12:04:05.458,F,342,765,950,161,0.195,13.2
24-07-22,12:04:15.572,F,343,816,967,222,0.156,14.5
24-07-22,12:04:25.698,F,344,776,881,337,0.119,16.8
24-07-22,12:04:35.816,F,345,747,832,504,0.102,21.6
24-07-22,12:04:45.929,F,346,756,825,743,0.084,26.2
24-07-22,12:04:56.055,F,347,754,803,1111,0.061,28.5
24-07-22,12:05:06.170,F,348,724,774,1452,0.065,39.6
24-07-22,12:05:16.294,F,349,769,802,2033,0.041,35.0
24-07-22,12:05:26.408,F,350,775,796,2651,0.026,28.9
24-07-22,12:05:34.840,SLCE,,Light Curve end,,,,
24-07-22,12:07:47.317,SLCS,,Light Curve start,,,,
24-07-22,12:07:47.317,REG1,,"#1: alpha: - , ETRm: - , Ik: -   ( beta: - 0.013, ETRmPot: 22.428 )   (Platt et al. 1980)",,,,
24-07-22,12:07:47.317,REG2,,"#1: alpha: 0.041, ETRm: 245.205, Ik: 5950.716   (Jassby and Platt 1976)",,,,
24-07-22,12:07:48.711,FO,351,92,131,0,0.298,0.0
24-07-22,12:07:58.832,F,352,98,129,44,0.240,4.4
24-07-22,12:08:08.947,F,353,99,132,80,0.250,8.4
24-07-22,12:08:19.073,F,354,101,133,116,0.241,11.7
24-07-22,12:08:29.190,F,355,103,135,161,0.237,16.0
24-07-22,12:08:39.308,F,356,107,137,222,0.219,20.4
24-07-22,12:08:49.433,F,357,111,137,337,0.190,26.9
24-07-22,12:08:59.549,F,358,114,135,504,0.156,33.0
24-07-22,12:09:09.673,F,359,118,133,743,0.113,35.3
24-07-22,12:09:19.788,F,360,122,136,1111,0.103,48.1
24-07-22,12:09:29.904,F,361,122,132,1453,0.076,46.4
24-07-22,12:09:40.031,F,362,127,138,2032,0.080,68.3
24-07-22,12:09:50.148,F,363,136,151,2651,0.099,110.2
24-07-22,12:09:57.959,SLCE,,Light Curve end,,,,
24-07-22,12:12:15.484,SLCS,,Light Curve start,,,,
24-07-22,12:12:15.484,REG1,,"#1: alpha: - , ETRm: - , Ik: -   ( beta: - 0.001, ETRmPot: 78.748 )   (Platt et al. 1980)",,,,
24-07-22,12:12:15.484,REG2,,"#1: alpha: 0.125, ETRm: 77.299, Ik: 617.399   (Jassby and Platt 1976)",,,,
24-07-22,12:12:16.876,FO,364,121,193,0,0.373,0.0
24-07-22,12:12:27.001,F,365,134,191,44,0.298,5.5
24-07-22,12:12:37.068,F,366,125,178,80,0.298,10.0
24-07-22,12:12:47.171,F,367,123,171,116,0.281,13.7
24-07-22,12:12:57.293,F,368,123,171,161,0.281,19.0
24-07-22,12:13:07.479,F,369,132,186,222,0.290,27.0
24-07-22,12:13:17.593,F,370,146,202,337,0.277,39.2
24-07-22,12:13:27.718,F,371,157,206,504,0.238,50.4
24-07-22,12:13:37.834,F,372,166,211,743,0.213,66.5
24-07-22,12:13:47.955,F,373,188,224,1111,0.161,75.1
24-07-22,12:13:58.077,F,374,199,225,1452,0.116,70.7
24-07-22,12:14:08.190,F,375,202,221,2032,0.086,73.4
24-07-22,12:14:18.315,F,376,196,212,2652,0.075,83.5
24-07-22,12:14:26.215,SLCE,,Light Curve end,,,,
24-07-22,12:15:47.649,SLCS,,Light Curve start,,,,
24-07-22,12:15:47.649,REG1,,"#1: alpha: - , ETRm: - , Ik: -   ( beta: - 0.004, ETRmPot: 66.463 )   (Platt et al. 1980)",,,,
24-07-22,12:15:47.649,REG2,,"#1: alpha: 0.102, ETRm: 73.382, Ik: 721.695   (Jassby and Platt 1976)",,,,
24-07-22,12:15:49.036,FO,377,162,246,0,0.341,0.0
24-07-22,12:15:59.157,F,378,199,278,44,0.284,5.2
24-07-22,12:16:09.280,F,379,206,292,80,0.295,9.9
24-07-22,12:16:19.421,F,380,214,296,116,0.277,13.5
24-07-22,12:16:29.493,F,381,217,293,161,0.259,17.5
24-07-22,12:16:39.657,F,382,223,302,222,0.262,24.4
24-07-22,12:16:49.773,F,383,235,307,337,0.235,33.3
24-07-22,12:16:59.890,F,384,249,316,504,0.212,44.9
24-07-22,12:17:10.014,F,385,260,316,743,0.177,55.2
24-07-22,12:17:20.138,F,386,276,318,1111,0.132,61.6
24-07-22,12:17:30.251,F,387,287,323,1452,0.111,67.7
24-07-22,12:17:40.376,F,388,298,327,2031,0.089,75.9
24-07-22,12:17:50.490,F,389,309,332,2651,0.069,76.8
24-07-22,12:17:58.940,SLCE,,Light Curve end,,,,
24-07-22,12:20:38.303,SLCS,,Light Curve start,,,,
24-07-22,12:20:38.303,REG1,,"#1: alpha: 0.120, ETRm: 93.755, Ik: 778.199   ( beta: 0.567, ETRmPot: 1325.757 )   (Platt et al. 1980)",,,,
24-07-22,12:20:38.303,REG2,,"#1: alpha: 0.106, ETRm: 93.623, Ik: 883.038   (Jassby and Platt 1976)",,,,
24-07-22,12:20:39.856,FO,390,49,79,0,0.380,0.0
24-07-22,12:20:49.968,F,391,52,79,44,0.342,6.3
24-07-22,12:21:00.091,F,392,56,83,80,0.325,10.9
24-07-22,12:21:10.213,F,393,58,85,116,0.318,15.5
24-07-22,12:21:20.330,F,394,64,90,161,0.289,19.5
24-07-22,12:21:30.446,F,395,69,96,222,0.281,26.2
24-07-22,12:21:40.568,F,396,73,99,337,0.263,37.2
24-07-22,12:21:50.694,F,397,79,102,504,0.225,47.6
24-07-22,12:22:00.758,F,398,85,106,743,0.198,61.8
24-07-22,12:22:10.883,F,399,92,109,1112,0.156,72.9
24-07-22,12:22:21.047,F,400,97,113,1452,0.142,86.6
24-07-22,12:22:31.172,F,401,102,116,2033,0.121,103.3
24-07-22,12:22:41.288,F,402,107,116,2650,0.078,86.8
24-07-22,12:22:49.098,SLCE,,Light Curve end,,,,
24-07-22,12:24:37.924,SLCS,,Light Curve start,,,,
24-07-22,12:24:37.924,REG1,,"#1: alpha: - , ETRm: - , Ik: -   ( beta: - 0.006, ETRmPot: 32.965 )   (Platt et al. 1980)",,,,
24-07-22,12:24:37.924,REG2,,"#1: alpha: 0.090, ETRm: 45.237, Ik: 505.312   (Jassby and Platt 1976)",,,,
24-07-22,12:24:39.357,FO,403,230,378,0,0.392,0.0
24-07-22,12:24:49.482,F,404,253,372,44,0.320,5.9
24-07-22,12:24:59.599,F,405,251,365,80,0.312,10.5
24-07-22,12:25:09.723,F,406,257,356,116,0.278,13.5
24-07-22,12:25:19.839,F,407,254,339,161,0.251,17.0
24-07-22,12:25:29.954,F,408,263,339,222,0.224,20.9
24-07-22,12:25:40.078,F,409,276,340,337,0.188,26.6
24-07-22,12:25:50.199,F,410,294,346,504,0.150,31.8
24-07-22,12:26:00.317,F,411,304,343,743,0.114,35.6
24-07-22,12:26:10.422,F,412,290,316,1111,0.082,38.3
24-07-22,12:26:20.551,F,413,282,303,1452,0.069,42.1
24-07-22,12:26:30.697,F,414,275,293,2031,0.061,52.0
24-07-22,12:26:40.812,F,415,277,290,2650,0.045,50.1
24-07-22,12:26:48.632,SLCE,,Light Curve end,,,,
24-07-22,12:29:01.067,SLCS,,Light Curve start,,,,
24-07-22,12:29:01.067,REG1,,"#1: alpha: - , ETRm: - , Ik: -   ( beta: - 0.002, ETRmPot: 56.262 )   (Platt et al. 1980)",,,,
24-07-22,12:29:01.067,REG2,,"#1: alpha: 0.149, ETRm: 58.088, Ik: 391.087   (Jassby and Platt 1976)",,,,
24-07-22,12:29:02.461,FO,416,745,1479,0,0.496,0.0
24-07-22,12:29:12.578,F,417,922,1560,44,0.409,7.6
24-07-22,12:29:22.692,F,418,948,1597,80,0.406,13.6
24-07-22,12:29:32.815,F,419,982,1613,116,0.391,19.0
24-07-22,12:29:42.932,F,420,1016,1606,161,0.367,24.8
24-07-22,12:29:53.054,F,421,1064,1592,222,0.332,31.0
24-07-22,12:30:03.170,F,422,1134,1570,337,0.278,39.3
24-07-22,12:30:13.294,F,423,1191,1524,504,0.219,46.4
24-07-22,12:30:23.418,F,424,1229,1474,743,0.166,51.8
24-07-22,12:30:33.532,F,425,1247,1418,1111,0.121,56.5
24-07-22,12:30:43.653,F,426,1235,1370,1452,0.099,60.4
24-07-22,12:30:53.771,F,427,1225,1317,2032,0.070,59.7
24-07-22,12:31:03.892,F,428,1172,1239,2651,0.054,60.1
24-07-22,12:31:12.443,SLCE,,Light Curve end,,,,
24-07-22,12:33:33.452,SLCS,,Light Curve start,,,,
24-07-22,12:33:33.452,REG1,,"#1: alpha: - , ETRm: - , Ik: -   ( beta: - 0.007, ETRmPot: 85.708 )   (Platt et al. 1980)",,,,
24-07-22,12:33:33.452,REG2,,"#1: alpha: 0.146, ETRm: 99.517, Ik: 680.273   (Jassby and Platt 1976)",,,,
24-07-22,12:33:34.990,FO,429,283,571,0,0.504,0.0
24-07-22,12:33:45.113,F,430,327,606,44,0.460,8.5
24-07-22,12:33:55.230,F,431,347,637,80,0.455,15.3
24-07-22,12:34:05.348,F,432,380,679,116,0.440,21.4
24-07-22,12:34:15.473,F,433,395,674,161,0.414,28.0
24-07-22,12:34:25.588,F,434,416,680,222,0.388,36.2
24-07-22,12:34:35.710,F,435,458,695,337,0.341,48.3
24-07-22,12:34:45.826,F,436,483,678,504,0.288,61.0
24-07-22,12:34:55.951,F,437,501,653,743,0.233,72.7
24-07-22,12:35:06.065,F,438,505,618,1111,0.183,85.4
24-07-22,12:35:16.191,F,439,508,604,1452,0.159,97.0
24-07-22,12:35:26.306,F,440,542,614,2033,0.117,99.9
24-07-22,12:35:36.429,F,441,553,611,2651,0.095,105.8
24-07-22,12:35:44.290,SLCE,,Light Curve end,,,,
24-07-22,12:38:01.041,SLCS,,Light Curve start,,,,
24-07-22,12:38:01.041,REG1,,"#1: alpha: - , ETRm: - , Ik: -   ( beta: - 0.004, ETRmPot: 43.805 )   (Platt et al. 1980)",,,,
24-07-22,12:38:01.041,REG2,,"#1: alpha: 0.102, ETRm: 52.394, Ik: 512.696   (Jassby and Platt 1976)",,,,
24-07-22,12:38:02.433,FO,442,604,1201,0,0.497,0.0
24-07-22,12:38:12.553,F,443,703,1206,44,0.417,7.7
24-07-22,12:38:22.669,F,444,734,1191,80,0.384,12.9
24-07-22,12:38:32.793,F,445,784,1182,116,0.337,16.4
24-07-22,12:38:42.909,F,446,828,1170,161,0.292,19.7
24-07-22,12:38:52.986,F,447,864,1155,222,0.252,23.5
24-07-22,12:39:03.152,F,448,886,1112,337,0.203,28.7
24-07-22,12:39:13.269,F,449,909,1096,504,0.171,36.2
24-07-22,12:39:23.383,F,450,929,1072,743,0.133,41.5
24-07-22,12:39:33.506,F,451,938,1047,1111,0.104,48.5
24-07-22,12:39:43.629,F,452,910,996,1452,0.086,52.4
24-07-22,12:39:53.743,F,453,900,963,2031,0.065,55.4
24-07-22,12:40:03.859,F,454,879,925,2649,0.050,55.6
24-07-22,12:40:12.169,SLCE,,Light Curve end,,,,
24-07-22,12:41:40.422,SLCS,,Light Curve start,,,,
24-07-22,12:41:40.422,REG1,,"#1: alpha: 0.149, ETRm: 82.762, Ik: 555.962   ( beta: 0.001, ETRmPot: 86.702 )   (Platt et al. 1980)",,,,
24-07-22,12:41:40.422,REG2,,"#1: alpha: 0.119, ETRm: 80.860, Ik: 681.298   (Jassby and Platt 1976)",,,,
24-07-22,12:41:41.823,FO,455,422,807,0,0.477,0.0
24-07-22,12:41:51.940,F,456,480,788,44,0.391,7.2
24-07-22,12:42:02.055,F,457,498,781,80,0.362,12.2
24-07-22,12:42:12.179,F,458,521,769,116,0.322,15.7
24-07-22,12:42:22.297,F,459,541,774,161,0.301,20.4
24-07-22,12:42:32.411,F,460,552,770,222,0.283,26.4
24-07-22,12:42:42.536,F,461,572,784,337,0.270,38.2
24-07-22,12:42:52.660,F,462,598,784,504,0.237,50.2
24-07-22,12:43:02.776,F,463,617,770,743,0.199,62.1
24-07-22,12:43:12.890,F,464,637,754,1111,0.155,72.3
24-07-22,12:43:23.013,F,465,639,732,1451,0.127,77.4
24-07-22,12:43:33.136,F,466,631,699,2032,0.097,82.8
24-07-22,12:43:43.249,F,467,629,679,2649,0.074,82.3
24-07-22,12:43:51.380,SLCE,,Light Curve end,,,,
24-07-22,12:46:12.859,SLCS,,Light Curve start,,,,
24-07-22,12:46:12.859,REG1,,"#1: alpha: - , ETRm: - , Ik: -   ( beta: - 0.007, ETRmPot: 71.395 )   (Platt et al. 1980)",,,,
24-07-22,12:46:12.859,REG2,,"#1: alpha: 0.147, ETRm: 84.466, Ik: 573.406   (Jassby and Platt 1976)",,,,
24-07-22,12:46:14.270,FO,468,626,1478,0,0.576,0.0
24-07-22,12:46:24.391,F,469,774,1563,44,0.505,9.3
24-07-22,12:46:34.537,F,470,793,1576,80,0.497,16.7
24-07-22,12:46:44.652,F,471,803,1497,116,0.464,22.6
24-07-22,12:46:54.770,F,472,814,1437,161,0.434,29.3
24-07-22,12:47:04.894,F,473,863,1414,222,0.390,36.4
24-07-22,12:47:15.011,F,474,934,1378,337,0.322,45.6
24-07-22,12:47:25.135,F,475,967,1312,504,0.263,55.7
24-07-22,12:47:35.254,F,476,963,1207,743,0.202,63.0
24-07-22,12:47:45.367,F,477,927,1103,1111,0.160,74.7
24-07-22,12:47:55.489,F,478,870,1011,1452,0.139,84.8
24-07-22,12:48:05.613,F,479,857,959,2033,0.106,90.5
24-07-22,12:48:15.728,F,480,859,933,2649,0.079,87.9
24-07-22,12:48:24.230,SLCE,,Light Curve end,,,,
24-07-22,12:49:53.412,SLCS,,Light Curve start,,,,
24-07-22,12:49:53.412,REG1,,"#1: alpha: 0.155, ETRm: 71.650, Ik: 462.619   ( beta: 0.003, ETRmPot: 77.858 )   (Platt et al. 1980)",,,,
24-07-22,12:49:53.412,REG2,,"#1: alpha: 0.124, ETRm: 70.522, Ik: 568.065   (Jassby and Platt 1976)",,,,
24-07-22,12:49:54.797,FO,481,425,739,0,0.425,0.0
24-07-22,12:50:04.920,F,482,475,746,44,0.363,6.7
24-07-22,12:50:15.044,F,483,487,763,80,0.362,12.2
24-07-22,12:50:25.163,F,484,504,767,116,0.343,16.7
24-07-22,12:50:35.282,F,485,515,762,161,0.324,21.9
24-07-22,12:50:45.397,F,486,534,765,222,0.302,28.2
24-07-22,12:50:55.521,F,487,552,750,336,0.264,37.3
24-07-22,12:51:05.635,F,488,567,732,504,0.225,47.6
24-07-22,12:51:15.758,F,489,570,700,742,0.186,58.0
24-07-22,12:51:25.880,F,490,575,671,1110,0.143,66.7
24-07-22,12:51:35.995,F,491,567,641,1451,0.115,70.1
24-07-22,12:51:46.049,F,492,551,603,2031,0.086,73.4
24-07-22,12:51:56.233,F,493,532,568,2650,0.063,70.1
24-07-22,12:52:04.263,SLCE,,Light Curve end,,,,
24-07-22,13:00:51.183,SLCS,,Light Curve start,,,,
24-07-22,13:00:51.183,REG1,,"#1: alpha: - , ETRm: - , Ik: -   ( beta: - 0.007, ETRmPot: 39.838 )   (Platt et al. 1980)",,,,
24-07-22,13:00:51.183,REG2,,"#1: alpha: 0.092, ETRm: 55.106, Ik: 600.498   (Jassby and Platt 1976)",,,,
24-07-22,13:00:52.582,FO,494,104,160,0,0.350,0.0
24-07-22,13:01:02.698,F,495,115,161,44,0.286,5.3
24-07-22,13:01:12.823,F,496,118,166,80,0.289,9.7
24-07-22,13:01:22.934,F,497,123,169,116,0.272,13.3
24-07-22,13:01:33.061,F,498,134,181,161,0.260,17.6
24-07-22,13:01:43.177,F,499,146,192,222,0.240,22.4
24-07-22,13:01:53.299,F,500,165,208,337,0.207,29.3
24-07-22,13:02:03.414,F,501,176,211,504,0.166,35.1
24-07-22,13:02:13.540,F,502,187,219,743,0.146,45.6
24-07-22,13:02:23.656,F,503,200,221,1111,0.095,44.3
24-07-22,13:02:33.772,F,504,201,219,1453,0.082,50.0
24-07-22,13:02:43.896,F,505,202,217,2033,0.069,58.9
24-07-22,13:02:54.011,F,506,202,214,2650,0.056,62.3
24-07-22,13:03:02.633,SLCE,,Light Curve end,,,,
24-07-22,13:05:07.987,SLCS,,Light Curve start,,,,
24-07-22,13:05:07.987,REG1,,"#1: alpha: - , ETRm: - , Ik: -   ( beta: - 0.006, ETRmPot: 71.103 )   (Platt et al. 1980)",,,,
24-07-22,13:05:07.987,REG2,,"#1: alpha: 0.117, ETRm: 81.695, Ik: 697.142   (Jassby and Platt 1976)",,,,
24-07-22,13:05:09.383,FO,507,132,228,0,0.421,0.0
24-07-22,13:05:19.506,F,508,140,218,44,0.358,6.6
24-07-22,13:05:29.630,F,509,138,212,80,0.349,11.7
24-07-22,13:05:39.744,F,510,138,209,116,0.340,16.6
24-07-22,13:05:49.866,F,511,145,211,161,0.313,21.2
24-07-22,13:05:59.982,F,512,148,212,222,0.302,28.2
24-07-22,13:06:10.098,F,513,149,204,337,0.270,38.2
24-07-22,13:06:20.225,F,514,149,194,504,0.232,49.1
24-07-22,13:06:30.341,F,515,153,192,743,0.203,63.3
24-07-22,13:06:40.484,F,516,175,205,1112,0.146,68.2
24-07-22,13:06:50.603,F,517,172,197,1452,0.127,77.4
24-07-22,13:07:00.716,F,518,176,195,2032,0.097,82.8
24-07-22,13:07:10.973,F,519,177,192,2652,0.078,86.9
24-07-22,13:07:23.303,SLCE,,Light Curve end,,,,
24-07-22,13:09:51.858,SLCS,,Light Curve start,,,,
24-07-22,13:09:51.858,REG1,,"#1: alpha: - , ETRm: - , Ik: -   ( beta: - 0.011, ETRmPot: 77.744 )   (Platt et al. 1980)",,,,
24-07-22,13:09:51.858,REG2,,"#1: alpha: 0.106, ETRm: 104.886, Ik: 990.046   (Jassby and Platt 1976)",,,,
24-07-22,13:09:53.263,FO,520,64,106,0,0.396,0.0
24-07-22,13:10:03.385,F,521,70,104,44,0.327,6.0
24-07-22,13:10:13.502,F,522,70,103,80,0.320,10.8
24-07-22,13:10:23.623,F,523,72,107,116,0.327,15.9
24-07-22,13:10:33.738,F,524,73,107,161,0.318,21.5
24-07-22,13:10:43.856,F,525,76,106,222,0.283,26.4
24-07-22,13:10:53.975,F,526,78,107,337,0.271,38.4
24-07-22,13:11:04.099,F,527,82,107,504,0.234,49.5
24-07-22,13:11:14.210,F,528,89,114,743,0.219,68.3
24-07-22,13:11:24.339,F,529,95,115,1111,0.174,81.2
24-07-22,13:11:34.453,F,530,98,113,1452,0.133,81.1
24-07-22,13:11:44.576,F,531,98,112,2031,0.125,106.6
24-07-22,13:11:54.691,F,532,101,112,2650,0.098,109.1
24-07-22,13:12:03.272,SLCE,,Light Curve end,,,,
24-07-22,13:14:05.604,SLCS,,Light Curve start,,,,
24-07-22,13:14:05.604,REG1,,"#1: alpha: 0.119, ETRm: 57.138, Ik: 479.373   ( beta: 0.028, ETRmPot: 104.772 )   (Platt et al. 1980)",,,,
24-07-22,13:14:05.604,REG2,,"#1: alpha: 0.107, ETRm: 53.943, Ik: 503.542   (Jassby and Platt 1976)",,,,
24-07-22,13:14:07.000,FO,533,448,793,0,0.435,0.0
24-07-22,13:14:17.115,F,534,514,767,44,0.330,6.1
24-07-22,13:14:27.240,F,535,492,728,80,0.324,10.9
24-07-22,13:14:37.357,F,536,496,704,116,0.295,14.4
24-07-22,13:14:47.480,F,537,490,673,160,0.272,18.3
24-07-22,13:14:57.523,F,538,488,659,222,0.259,24.1
24-07-22,13:15:07.714,F,539,518,664,337,0.220,31.1
24-07-22,13:15:17.839,F,540,546,667,504,0.181,38.3
24-07-22,13:15:27.952,F,541,570,666,743,0.144,44.9
24-07-22,13:15:38.076,F,542,606,680,1110,0.109,50.8
24-07-22,13:15:48.191,F,543,633,712,1451,0.111,67.6
24-07-22,13:15:58.315,F,544,685,728,2030,0.059,50.3
24-07-22,13:16:08.428,F,545,673,704,2648,0.044,48.9
24-07-22,13:16:16.989,SLCE,,Light Curve end,,,,
24-07-22,13:18:36.430,SLCS,,Light Curve start,,,,
24-07-22,13:18:36.430,REG1,,"#1: alpha: - , ETRm: - , Ik: -   ( beta: - 0.006, ETRmPot: 64.487 )   (Platt et al. 1980)",,,,
24-07-22,13:18:36.430,REG2,,"#1: alpha: 0.094, ETRm: 75.917, Ik: 809.109   (Jassby and Platt 1976)",,,,
24-07-22,13:18:37.829,FO,546,76,112,0,0.321,0.0
24-07-22,13:18:47.943,F,547,83,116,44,0.284,5.2
24-07-22,13:18:58.062,F,548,83,118,80,0.297,10.0
24-07-22,13:19:08.187,F,549,86,118,116,0.271,13.2
24-07-22,13:19:18.303,F,550,89,121,161,0.264,17.9
24-07-22,13:19:28.418,F,551,91,122,222,0.254,23.7
24-07-22,13:19:38.543,F,552,97,124,336,0.218,30.8
24-07-22,13:19:48.657,F,553,103,126,504,0.183,38.7
24-07-22,13:19:58.783,F,554,110,133,743,0.173,54.0
24-07-22,13:20:08.900,F,555,115,135,1111,0.148,69.1
24-07-22,13:20:19.024,F,556,117,131,1452,0.107,65.3
24-07-22,13:20:29.139,F,557,119,130,2032,0.085,72.5
24-07-22,13:20:39.254,F,558,126,136,2649,0.074,82.3
24-07-22,13:20:47.684,SLCE,,Light Curve end,,,,
24-07-22,13:23:18.721,SLCS,,Light Curve start,,,,
24-07-22,13:23:18.721,REG1,,"#1: alpha: 0.146, ETRm: 31.991, Ik: 219.636   ( beta: 0.512, ETRmPot: 348.190 )   (Platt et al. 1980)",,,,
24-07-22,13:23:18.721,REG2,,"#1: alpha: 0.135, ETRm: 26.216, Ik: 194.224   (Jassby and Platt 1976)",,,,
24-07-22,13:23:20.116,FO,559,297,483,0,0.385,0.0
24-07-22,13:23:30.242,F,560,357,507,44,0.296,5.5
24-07-22,13:23:40.355,F,561,391,569,80,0.313,10.5
24-07-22,13:23:50.480,F,562,435,610,116,0.287,14.0
24-07-22,13:24:00.599,F,563,471,639,161,0.263,17.8
24-07-22,13:24:09.049,SLCE,,Light Curve end,,,,
24-07-22,13:24:10.049,SLCS,,Light Curve start,,,,
24-07-22,13:24:10.049,REG1,,"#1: alpha: 0.137, ETRm: 39.570, Ik: 289.519   ( beta: 0.003, ETRmPot: 43.988 )   (Platt et al. 1980)",,,,
24-07-22,13:24:10.049,REG2,,"#1: alpha: 0.112, ETRm: 38.307, Ik: 341.767   (Jassby and Platt 1976)",,,,
24-07-22,13:24:11.987,FO,564,379,643,0,0.411,0.0
24-07-22,13:24:22.106,F,565,450,652,44,0.310,5.7
24-07-22,13:24:32.225,F,566,456,652,80,0.301,10.1
24-07-22,13:24:42.347,F,567,447,610,116,0.267,13.0
24-07-22,13:24:52.462,F,568,457,601,160,0.240,16.1
24-07-22,13:25:02.585,F,569,483,627,222,0.230,21.4
24-07-22,13:25:12.707,F,570,565,718,336,0.213,30.1
24-07-22,13:25:22.822,F,571,686,810,504,0.153,32.4
24-07-22,13:25:32.944,F,572,714,810,743,0.119,37.1
24-07-22,13:25:43.067,F,573,755,823,1111,0.083,38.7
24-07-22,13:25:53.187,F,574,767,823,1451,0.068,41.4
24-07-22,13:26:03.301,F,575,746,780,2031,0.044,37.5
24-07-22,13:26:13.414,F,576,741,766,2647,0.033,36.7
24-07-22,13:26:21.475,SLCE,,Light Curve end,,,,
24-07-22,13:28:35.775,SLCS,,Light Curve start,,,,
24-07-22,13:28:35.775,REG1,,"#1: alpha: 0.149, ETRm: 82.275, Ik: 553.606   ( beta: 0.011, ETRmPot: 108.229 )   (Platt et al. 1980)",,,,
24-07-22,13:28:35.775,REG2,,"#1: alpha: 0.124, ETRm: 81.147, Ik: 654.886   (Jassby and Platt 1976)",,,,
24-07-22,13:28:37.170,FO,577,349,662,0,0.473,0.0
24-07-22,13:28:47.296,F,578,406,665,44,0.389,7.2
24-07-22,13:28:57.413,F,579,419,665,80,0.370,12.4
24-07-22,13:29:07.538,F,580,448,682,116,0.343,16.7
24-07-22,13:29:17.654,F,581,462,679,161,0.320,21.6
24-07-22,13:29:27.769,F,582,469,669,222,0.299,27.9
24-07-22,13:29:37.893,F,583,475,650,336,0.269,38.0
24-07-22,13:29:48.007,F,584,483,637,504,0.242,51.2
24-07-22,13:29:58.132,F,585,495,621,743,0.203,63.3
24-07-22,13:30:08.249,F,586,485,576,1111,0.158,73.7
24-07-22,13:30:18.372,F,587,479,555,1451,0.137,83.5
24-07-22,13:30:28.488,F,588,469,518,2030,0.095,81.0
24-07-22,13:30:38.612,F,589,451,486,2649,0.072,80.1
24-07-22,13:30:46.243,SLCE,,Light Curve end,,,,
24-07-22,13:33:14.080,SLCS,,Light Curve start,,,,
24-07-22,13:33:14.080,REG1,,"#1: alpha: - , ETRm: - , Ik: -   ( beta: - 0.001, ETRmPot: 78.371 )   (Platt et al. 1980)",,,,
24-07-22,13:33:14.080,REG2,,"#1: alpha: 0.120, ETRm: 78.732, Ik: 654.783   (Jassby and Platt 1976)",,,,
24-07-22,13:33:15.475,FO,590,526,1001,0,0.475,0.0
24-07-22,13:33:25.591,F,591,608,988,44,0.385,7.1
24-07-22,13:33:35.709,F,592,619,1001,80,0.382,12.8
24-07-22,13:33:45.825,F,593,647,1004,116,0.356,17.3
24-07-22,13:33:55.951,F,594,667,999,160,0.332,22.3
24-07-22,13:34:06.063,F,595,688,994,222,0.308,28.7
24-07-22,13:34:16.185,F,596,715,978,336,0.269,38.0
24-07-22,13:34:26.311,F,597,745,968,504,0.230,48.7
24-07-22,13:34:36.424,F,598,775,961,743,0.194,60.5
24-07-22,13:34:46.546,F,599,811,953,1111,0.149,69.5
24-07-22,13:34:56.662,F,600,791,905,1451,0.126,76.8
24-07-22,13:35:06.788,F,601,781,864,2031,0.096,81.9
24-07-22,13:35:16.901,F,602,779,839,2648,0.072,80.1
24-07-22,13:35:25.462,SLCE,,Light Curve end,,,,
24-07-22,14:36:36.375,SLCS,,Light Curve start,,,,
24-07-22,14:36:36.375,REG1,,"#1: alpha: - , ETRm: - , Ik: -   ( beta: - 0.003, ETRmPot: 20.295 )   (Platt et al. 1980)",,,,
24-07-22,14:36:36.375,REG2,,"#1: alpha: 0.098, ETRm: 25.894, Ik: 264.283   (Jassby and Platt 1976)",,,,
24-07-22,14:36:37.760,FO,603,700,1600,0,0.563,0.0
24-07-22,14:36:47.906,F,604,1086,1627,44,0.333,6.2
24-07-22,14:36:57.980,F,605,1130,1629,80,0.306,10.3
24-07-22,14:37:08.145,F,606,1186,1609,116,0.263,12.8
24-07-22,14:37:18.261,F,607,1251,1606,161,0.221,14.9
24-07-22,14:37:28.384,F,608,1296,1581,222,0.180,16.8
24-07-22,14:37:38.501,F,609,1344,1554,337,0.135,19.1
24-07-22,14:37:48.626,F,610,1373,1524,504,0.099,21.0
24-07-22,14:37:58.737,F,611,1388,1500,743,0.075,23.4
24-07-22,14:38:08.862,F,612,1431,1511,1111,0.053,24.7
24-07-22,14:38:18.976,F,613,1401,1463,1452,0.042,25.6
24-07-22,14:38:29.101,F,614,1406,1457,2033,0.035,29.9
24-07-22,14:38:39.216,F,615,1408,1447,2652,0.027,30.1
24-07-22,14:38:47.406,SLCE,,Light Curve end,,,,
24-07-22,15:15:15.515,SLCS,,Light Curve start,,,,
24-07-22,15:15:15.515,REG1,,"#1: alpha: - , ETRm: - , Ik: -   ( beta: - 0.009, ETRmPot: 58.159 )   (Platt et al. 1980)",,,,
24-07-22,15:15:15.515,REG2,,"#1: alpha: 0.108, ETRm: 77.819, Ik: 717.455   (Jassby and Platt 1976)",,,,
24-07-22,15:15:17.259,FO,616,174,287,0,0.394,0.0
24-07-22,15:15:27.375,F,617,194,298,44,0.349,6.4
24-07-22,15:15:47.601,F,618,206,309,116,0.333,16.2
24-07-22,15:15:47.615,F,619,206,309,116,0.333,16.2
24-07-22,15:15:57.730,F,620,214,314,161,0.318,21.5
24-07-22,15:16:07.854,F,621,221,315,222,0.298,27.8
24-07-22,15:16:17.969,F,622,236,318,337,0.258,36.5
24-07-22,15:16:28.091,F,623,252,320,504,0.213,45.1
24-07-22,15:16:38.214,F,624,259,315,743,0.178,55.5
24-07-22,15:16:48.332,F,625,260,304,1111,0.145,67.7
24-07-22,15:16:58.468,F,626,267,302,1452,0.116,70.7
24-07-22,15:17:08.593,F,627,275,302,2032,0.089,76.0
24-07-22,15:17:18.697,F,628,285,309,2649,0.078,86.8
24-07-22,15:17:26.817,SLCE,,Light Curve end,,,,
24-07-22,15:19:26.215,SLCS,,Light Curve start,,,,
24-07-22,15:19:26.215,REG1,,"#1: alpha: - , ETRm: - , Ik: -   ( beta: - 0.012, ETRmPot: 67.374 )   (Platt et al. 1980)",,,,
24-07-22,15:19:26.215,REG2,,"#1: alpha: 0.126, ETRm: 95.681, Ik: 760.096   (Jassby and Platt 1976)",,,,
24-07-22,15:19:27.759,FO,629,482,985,0,0.511,0.0
24-07-22,15:19:37.883,F,630,552,986,44,0.440,8.1
24-07-22,15:19:48.005,F,631,551,969,80,0.431,14.5
24-07-22,15:19:58.119,F,632,561,948,116,0.408,19.9
24-07-22,15:20:08.236,F,633,571,922,160,0.381,25.6
24-07-22,15:20:18.363,F,634,578,891,222,0.351,32.7
24-07-22,15:20:28.479,F,635,602,869,337,0.307,43.5
24-07-22,15:20:38.594,F,636,622,835,504,0.255,54.0
24-07-22,15:20:48.715,F,637,642,819,743,0.216,67.4
24-07-22,15:20:58.837,F,638,665,800,1111,0.169,78.9
24-07-22,15:21:08.959,F,639,664,773,1451,0.141,85.9
24-07-22,15:21:19.077,F,640,663,745,2031,0.110,93.8
24-07-22,15:21:29.196,F,641,651,720,2648,0.096,106.8
24-07-22,15:21:36.626,SLCE,,Light Curve end,,,,
24-07-22,15:23:12.924,SLCS,,Light Curve start,,,,
24-07-22,15:23:12.924,REG1,,"#1: alpha: - , ETRm: - , Ik: -   ( beta: - 0.004, ETRmPot: 55.527 )   (Platt et al. 1980)",,,,
24-07-22,15:23:12.924,REG2,,"#1: alpha: 0.168, ETRm: 62.581, Ik: 371.979   (Jassby and Platt 1976)",,,,
24-07-22,15:23:14.315,FO,642,692,1645,0,0.579,0.0
24-07-22,15:23:24.445,F,643,824,1640,44,0.498,9.2
24-07-22,15:23:34.559,F,644,779,1529,80,0.491,16.5
24-07-22,15:23:44.683,F,645,810,1506,116,0.462,22.5
24-07-22,15:23:54.799,F,646,908,1569,161,0.421,28.5
24-07-22,15:24:04.915,F,647,953,1514,222,0.371,34.6
24-07-22,15:24:15.034,F,648,1000,1415,336,0.293,41.3
24-07-22,15:24:25.161,F,649,1045,1381,504,0.243,51.4
24-07-22,15:24:35.276,F,650,1119,1359,742,0.177,55.2
24-07-22,15:24:45.391,F,651,1081,1239,1110,0.128,59.7
24-07-22,15:24:55.515,F,652,1017,1134,1451,0.103,62.8
24-07-22,15:25:05.570,F,653,981,1065,2031,0.079,67.4
24-07-22,15:25:15.756,F,654,977,1039,2647,0.060,66.7
24-07-22,15:25:23.476,SLCE,,Light Curve end,,,,
24-07-22,15:27:30.584,SLCS,,Light Curve start,,,,
24-07-22,15:27:30.584,REG1,,"#1: alpha: - , ETRm: - , Ik: -   ( beta: - 0.007, ETRmPot: 95.813 )   (Platt et al. 1980)",,,,
24-07-22,15:27:30.584,REG2,,"#1: alpha: 0.137, ETRm: 109.317, Ik: 795.211   (Jassby and Platt 1976)",,,,
24-07-22,15:27:31.979,FO,655,179,366,0,0.511,0.0
24-07-22,15:27:42.093,F,656,193,356,44,0.458,8.5
24-07-22,15:27:52.218,F,657,194,352,80,0.449,15.1
24-07-22,15:28:02.336,F,658,197,349,116,0.436,21.2
24-07-22,15:28:12.409,F,659,203,346,160,0.413,27.8
24-07-22,15:28:22.574,F,660,201,325,222,0.382,35.6
24-07-22,15:28:32.698,F,661,210,314,336,0.331,46.7
24-07-22,15:28:42.811,F,662,220,305,504,0.279,59.1
24-07-22,15:28:52.936,F,663,218,287,743,0.240,74.9
24-07-22,15:29:03.049,F,664,230,286,1111,0.196,91.5
24-07-22,15:29:13.170,F,665,232,278,1452,0.165,100.6
24-07-22,15:29:23.294,F,666,228,262,2031,0.130,110.9
24-07-22,15:29:33.409,F,667,228,254,2649,0.102,113.5
24-07-22,15:29:41.689,SLCE,,Light Curve end,,,,
24-07-22,15:31:35.976,SLCS,,Light Curve start,,,,
24-07-22,15:31:35.976,REG1,,"#1: alpha: - , ETRm: - , Ik: -   ( beta: - 0.001, ETRmPot: 81.380 )   (Platt et al. 1980)",,,,
24-07-22,15:31:35.976,REG2,,"#1: alpha: 0.135, ETRm: 81.725, Ik: 606.976   (Jassby and Platt 1976)",,,,
24-07-22,15:31:37.369,FO,668,554,1182,0,0.531,0.0
24-07-22,15:31:47.481,F,669,640,1156,44,0.446,8.2
24-07-22,15:31:57.598,F,670,639,1147,80,0.443,14.9
24-07-22,15:32:07.721,F,671,671,1125,116,0.404,19.7
24-07-22,15:32:17.847,F,672,689,1091,160,0.368,24.7
24-07-22,15:32:27.966,F,673,714,1088,222,0.344,32.1
24-07-22,15:32:38.080,F,674,744,1059,336,0.297,41.9
24-07-22,15:32:48.204,F,675,802,1071,504,0.251,53.1
24-07-22,15:32:58.324,F,676,849,1062,742,0.201,62.6
24-07-22,15:33:08.445,F,677,893,1060,1110,0.158,73.7
24-07-22,15:33:18.558,F,678,915,1056,1451,0.134,81.7
24-07-22,15:33:28.676,F,679,938,1043,2030,0.101,86.1
24-07-22,15:33:38.801,F,680,937,1012,2647,0.074,82.3
24-07-22,15:33:46.871,SLCE,,Light Curve end,,,,
24-07-22,15:35:42.119,SLCS,,Light Curve start,,,,
24-07-22,15:35:42.119,REG1,,"#1: alpha: - , ETRm: - , Ik: -   ( beta: - 0.006, ETRmPot: 53.088 )   (Platt et al. 1980)",,,,
24-07-22,15:35:42.119,REG2,,"#1: alpha: 0.101, ETRm: 65.468, Ik: 646.279   (Jassby and Platt 1976)",,,,
24-07-22,15:35:43.515,FO,681,201,370,0,0.457,0.0
24-07-22,15:35:53.628,F,682,236,363,44,0.350,6.5
24-07-22,15:36:03.748,F,683,235,362,80,0.351,11.8
24-07-22,15:36:13.872,F,684,252,370,116,0.319,15.5
24-07-22,15:36:23.991,F,685,263,376,161,0.301,20.4
24-07-22,15:36:34.108,F,686,272,375,222,0.275,25.6
24-07-22,15:36:44.224,F,687,299,391,337,0.235,33.3
24-07-22,15:36:54.352,F,688,316,390,504,0.190,40.2
24-07-22,15:37:04.487,F,689,342,405,742,0.156,48.6
24-07-22,15:37:14.609,F,690,364,412,1111,0.117,54.6
24-07-22,15:37:24.723,F,691,348,389,1452,0.105,64.0
24-07-22,15:37:34.847,F,692,375,408,2031,0.081,69.1
24-07-22,15:37:44.961,F,693,376,401,2649,0.062,69.0
24-07-22,15:37:52.622,SLCE,,Light Curve end,,,,
24-07-22,15:39:14.932,SLCS,,Light Curve start,,,,
24-07-22,15:39:14.932,REG1,,"#1: alpha: - , ETRm: - , Ik: -   ( beta: - 0.001, ETRmPot: 34.307 )   (Platt et al. 1980)",,,,
24-07-22,15:39:14.932,REG2,,"#1: alpha: 0.110, ETRm: 34.629, Ik: 313.561   (Jassby and Platt 1976)",,,,
24-07-22,15:39:16.327,FO,694,372,755,0,0.507,0.0
24-07-22,15:39:26.450,F,695,521,795,44,0.345,6.4
24-07-22,15:39:36.565,F,696,543,810,80,0.330,11.1
24-07-22,15:39:46.689,F,697,592,841,116,0.296,14.4
24-07-22,15:39:56.811,F,698,646,876,160,0.263,17.7
24-07-22,15:40:06.924,F,699,703,918,222,0.234,21.8
24-07-22,15:40:17.050,F,700,771,929,336,0.170,24.0
24-07-22,15:40:27.163,F,701,806,932,504,0.135,28.6
24-07-22,15:40:37.286,F,702,837,931,742,0.101,31.5
24-07-22,15:40:47.407,F,703,857,922,1111,0.070,32.7
24-07-22,15:40:57.522,F,704,856,920,1451,0.070,42.7
24-07-22,15:41:07.647,F,705,884,921,2031,0.040,34.1
24-07-22,15:41:17.763,F,706,881,909,2647,0.031,34.5
24-07-22,15:41:26.274,SLCE,,Light Curve end,,,,
24-07-22,15:42:57.140,SLCS,,Light Curve start,,,,
24-07-22,15:42:57.140,REG1,,"#1: alpha: - , ETRm: - , Ik: -   ( beta: - 0.002, ETRmPot: 56.656 )   (Platt et al. 1980)",,,,
24-07-22,15:42:57.140,REG2,,"#1: alpha: 0.131, ETRm: 58.778, Ik: 450.320   (Jassby and Platt 1976)",,,,
24-07-22,15:42:58.536,FO,707,253,492,0,0.486,0.0
24-07-22,15:43:08.662,F,708,302,501,44,0.397,7.3
24-07-22,15:43:18.776,F,709,302,499,80,0.395,13.3
24-07-22,15:43:28.893,F,710,319,505,116,0.368,17.9
24-07-22,15:43:39.021,F,711,342,520,160,0.342,23.0
24-07-22,15:43:49.134,F,712,363,521,222,0.303,28.3
24-07-22,15:43:59.258,F,713,389,519,336,0.250,35.3
24-07-22,15:44:09.373,F,714,409,517,504,0.209,44.2
24-07-22,15:44:19.496,F,715,430,515,742,0.165,51.4
24-07-22,15:44:29.610,F,716,459,523,1110,0.122,56.9
24-07-22,15:44:39.734,F,717,473,523,1450,0.096,58.5
24-07-22,15:44:49.855,F,718,473,510,2030,0.073,62.2
24-07-22,15:44:59.969,F,719,477,504,2648,0.054,60.1
24-07-22,15:45:08.459,SLCE,,Light Curve end,,,,
24-07-22,15:47:06.184,SLCS,,Light Curve start,,,,
24-07-22,15:47:06.184,REG1,,"#1: alpha: - , ETRm: - , Ik: -   ( beta: - 0.004, ETRmPot: 36.878 )   (Platt et al. 1980)",,,,
24-07-22,15:47:06.184,REG2,,"#1: alpha: 0.095, ETRm: 45.096, Ik: 476.489   (Jassby and Platt 1976)",,,,
24-07-22,15:47:07.600,FO,720,167,293,0,0.430,0.0
24-07-22,15:47:17.713,F,721,195,295,44,0.339,6.3
24-07-22,15:47:27.841,F,722,192,281,80,0.317,10.7
24-07-22,15:47:37.956,F,723,190,268,116,0.291,14.2
24-07-22,15:47:48.071,F,724,193,261,161,0.261,17.6
24-07-22,15:47:58.195,F,725,206,265,222,0.223,20.8
24-07-22,15:48:08.311,F,726,223,275,336,0.189,26.7
24-07-22,15:48:18.437,F,727,238,281,504,0.153,32.4
24-07-22,15:48:28.553,F,728,245,277,742,0.116,36.2
24-07-22,15:48:38.676,F,729,245,271,1110,0.096,44.8
24-07-22,15:48:48.794,F,730,241,259,1450,0.069,42.0
24-07-22,15:48:58.916,F,731,241,255,2029,0.055,46.9
24-07-22,15:49:09.032,F,732,233,244,2647,0.045,50.0
24-07-22,15:49:17.571,SLCE,,Light Curve end,,,,
24-07-22,15:51:09.847,SLCS,,Light Curve start,,,,
24-07-22,15:51:09.847,REG1,,"#1: alpha: - , ETRm: - , Ik: -   ( beta: - 0.009, ETRmPot: 70.158 )   (Platt et al. 1980)",,,,
24-07-22,15:51:09.847,REG2,,"#1: alpha: 0.151, ETRm: 89.154, Ik: 589.669   (Jassby and Platt 1976)",,,,
24-07-22,15:51:11.234,FO,733,326,721,0,0.548,0.0
24-07-22,15:51:21.310,F,734,363,712,44,0.490,9.1
24-07-22,15:51:31.477,F,735,372,731,80,0.491,16.5
24-07-22,15:51:41.592,F,736,390,720,116,0.458,22.3
24-07-22,15:51:51.709,F,737,399,701,161,0.431,29.1
24-07-22,15:52:01.835,F,738,466,762,222,0.388,36.2
24-07-22,15:52:11.948,F,739,505,763,336,0.338,47.7
24-07-22,15:52:22.075,F,740,542,744,504,0.272,57.6
24-07-22,15:52:32.141,F,741,575,744,742,0.227,70.7
24-07-22,15:52:42.310,F,742,601,720,1110,0.165,76.9
24-07-22,15:52:52.363,F,743,603,700,1451,0.139,84.7
24-07-22,15:53:02.501,F,744,619,695,2031,0.109,93.0
24-07-22,15:53:12.664,F,745,652,715,2647,0.088,97.8
24-07-22,15:53:20.344,SLCE,,Light Curve end,,,,
24-07-22,15:55:06.419,SLCS,,Light Curve start,,,,
24-07-22,15:55:06.419,REG1,,"#1: alpha: - , ETRm: - , Ik: -   ( beta: - 0.003, ETRmPot: 56.746 )   (Platt et al. 1980)",,,,
24-07-22,15:55:06.419,REG2,,"#1: alpha: 0.138, ETRm: 60.969, Ik: 440.964   (Jassby and Platt 1976)",,,,
24-07-22,15:55:07.814,FO,746,569,1187,0,0.521,0.0
24-07-22,15:55:17.928,F,747,657,1176,44,0.441,8.1
24-07-22,15:55:28.048,F,748,672,1170,80,0.426,14.3
24-07-22,15:55:38.123,F,749,713,1166,116,0.389,19.0
24-07-22,15:55:48.257,F,750,743,1159,161,0.359,24.3
24-07-22,15:55:58.352,F,751,790,1175,222,0.328,30.6
24-07-22,15:56:08.526,F,752,869,1187,336,0.268,37.8
24-07-22,15:56:18.651,F,753,920,1173,504,0.216,45.7
24-07-22,15:56:28.766,F,754,944,1131,742,0.165,51.4
24-07-22,15:56:38.891,F,755,969,1106,1110,0.124,57.8
24-07-22,15:56:49.004,F,756,979,1091,1450,0.103,62.7
24-07-22,15:56:59.128,F,757,988,1071,2029,0.077,65.6
24-07-22,15:57:09.263,F,758,983,1041,2647,0.056,62.3
24-07-22,15:57:16.893,SLCE,,Light Curve end,,,,
24-07-22,15:59:09.261,SLCS,,Light Curve start,,,,
24-07-22,15:59:09.261,REG1,,"#1: alpha: - , ETRm: - , Ik: -   ( beta: - 0.003, ETRmPot: 64.530 )   (Platt et al. 1980)",,,,
24-07-22,15:59:09.261,REG2,,"#1: alpha: 0.156, ETRm: 68.706, Ik: 440.459   (Jassby and Platt 1976)",,,,
24-07-22,15:59:10.646,FO,759,495,1027,0,0.518,0.0
24-07-22,15:59:20.773,F,760,574,1049,44,0.453,8.4
24-07-22,15:59:30.890,F,761,583,1041,80,0.440,14.8
24-07-22,15:59:41.012,F,762,574,992,116,0.421,20.5
24-07-22,15:59:51.125,F,763,614,1023,160,0.400,26.9
24-07-22,16:00:01.246,F,764,666,1029,222,0.353,32.9
24-07-22,16:00:11.367,F,765,702,1052,336,0.333,47.0
24-07-22,16:00:21.485,F,766,811,1060,504,0.235,49.7
24-07-22,16:00:31.610,F,767,856,1050,742,0.185,57.7
24-07-22,16:00:41.725,F,768,879,1027,1110,0.144,67.1
24-07-22,16:00:51.848,F,769,889,1001,1450,0.112,68.2
24-07-22,16:01:01.963,F,770,866,950,2030,0.088,75.0
24-07-22,16:01:12.088,F,771,864,922,2647,0.063,70.0
24-07-22,16:01:20.618,SLCE,,Light Curve end,,,,
24-07-22,16:03:34.425,SLCS,,Light Curve start,,,,
24-07-22,16:03:34.425,REG1,,"#1: alpha: - , ETRm: - , Ik: -   ( beta: - 0.009, ETRmPot: 100.862 )   (Platt et al. 1980)",,,,
24-07-22,16:03:34.425,REG2,,"#1: alpha: 0.153, ETRm: 118.747, Ik: 774.129   (Jassby and Platt 1976)",,,,
24-07-22,16:03:35.821,FO,772,84,180,0,0.533,0.0
24-07-22,16:03:45.943,F,773,83,159,44,0.478,8.8
24-07-22,16:03:56.069,F,774,81,150,80,0.460,15.5
24-07-22,16:04:06.183,F,775,75,130,116,0.423,20.6
24-07-22,16:04:16.304,F,776,76,135,160,0.437,29.4
24-07-22,16:04:26.420,F,777,82,139,222,0.410,38.2
24-07-22,16:04:36.543,F,778,88,138,336,0.362,51.1
24-07-22,16:04:46.658,F,779,97,142,504,0.317,67.1
24-07-22,16:04:56.779,F,780,106,149,742,0.289,90.1
24-07-22,16:05:06.903,F,781,94,117,1110,0.197,91.8
24-07-22,16:05:17.017,F,782,93,113,1450,0.177,107.8
24-07-22,16:05:27.139,F,783,93,109,2029,0.147,125.3
24-07-22,16:05:37.256,F,784,96,108,2648,0.111,123.4
24-07-22,16:05:44.926,SLCE,,Light Curve end,,,,
24-07-22,16:07:47.482,SLCS,,Light Curve start,,,,
24-07-22,16:07:47.482,REG1,,"#1: alpha: - , ETRm: - , Ik: -   ( beta: - 0.006, ETRmPot: 107.310 )   (Platt et al. 1980)",,,,
24-07-22,16:07:47.482,REG2,,"#1: alpha: 0.146, ETRm: 116.800, Ik: 799.887   (Jassby and Platt 1976)",,,,
24-07-22,16:07:48.827,FO,785,236,450,0,0.476,0.0
24-07-22,16:07:58.928,F,786,259,457,44,0.433,8.0
24-07-22,16:08:09.114,F,787,261,458,80,0.430,14.4
24-07-22,16:08:19.228,F,788,271,463,116,0.415,20.2
24-07-22,16:08:29.311,F,789,277,459,160,0.397,26.7
24-07-22,16:08:39.475,F,790,284,459,221,0.381,35.4
24-07-22,16:08:49.588,F,791,299,457,336,0.346,48.8
24-07-22,16:08:59.711,F,792,316,459,504,0.312,66.0
24-07-22,16:09:09.825,F,793,337,457,742,0.263,82.0
24-07-22,16:09:19.947,F,794,353,447,1110,0.210,97.9
24-07-22,16:09:30.021,F,795,361,436,1450,0.172,104.7
24-07-22,16:09:40.186,F,796,368,428,2029,0.140,119.3
24-07-22,16:09:50.311,F,797,375,421,2647,0.109,121.2
24-07-22,16:09:58.521,SLCE,,Light Curve end,,,,
24-07-22,16:12:06.976,SLCS,,Light Curve start,,,,
24-07-22,16:12:06.976,REG1,,"#1: alpha: - , ETRm: - , Ik: -   ( beta: - 0.001, ETRmPot: 92.915 )   (Platt et al. 1980)",,,,
24-07-22,16:12:06.976,REG2,,"#1: alpha: 0.164, ETRm: 91.557, Ik: 557.353   (Jassby and Platt 1976)",,,,
24-07-22,16:12:08.369,FO,798,290,635,0,0.543,0.0
24-07-22,16:12:18.485,F,799,323,646,44,0.500,9.2
24-07-22,16:12:28.604,F,800,327,633,80,0.483,16.2
24-07-22,16:12:38.726,F,801,334,624,116,0.465,22.7
24-07-22,16:12:48.849,F,802,350,625,161,0.440,29.8
24-07-22,16:12:58.964,F,803,368,620,222,0.406,37.9
24-07-22,16:13:09.088,F,804,377,580,336,0.350,49.4
24-07-22,16:13:19.211,F,805,405,573,504,0.293,62.0
24-07-22,16:13:29.327,F,806,432,567,742,0.238,74.2
24-07-22,16:13:39.449,F,807,455,558,1110,0.185,86.2
24-07-22,16:13:49.565,F,808,471,555,1450,0.151,92.0
24-07-22,16:13:59.680,F,809,485,545,2029,0.110,93.7
24-07-22,16:14:09.803,F,810,478,522,2647,0.084,93.4
24-07-22,16:14:18.273,SLCE,,Light Curve end,,,,
